{
  "posts": [
    {
      "id": 1,
      "title": "json-server",
      "author": "typicode"
    }
  ],
  "comments": [
    {
      "id": 1,
      "body": "some comment",
      "postId": 1
    }
  ],
  "profile": {
    "name": "typicode"
  },
  "users": [
    {
      "id": 1,
      "firstName": "Namrata",
      "lastName": "Poojary",
      "age": 22,
      "mobileNumber": 7085641220,
      "email": "namrata@gmail.com",
      "password": "4578"
    },
    {
      "id": 2,
      "firstName": "Priya",
      "lastName": "Mishra",
      "age": 22,
      "mobileNumber": 7085687210,
      "email": "pri@gmail.com",
      "password": "123456"
    },
    {
      "firstName": "Asha",
      "lastName": "Poojary",
      "age": 25,
      "mobileNumber": "9854785412",
      "email": "asha@gmail.com",
      "password": "123456",
      "id": 3
    },
    {
      "firstName": "Swati",
      "lastName": "Modi",
      "age": 23,
      "mobileNumber": "9875896587",
      "email": "swati@gmail.com",
      "password": "123456",
      "id": 4
    },
    {
      "firstName": "Pooja",
      "lastName": "Patel",
      "age": 20,
      "mobileNumber": "9874785478",
      "email": "pooja@gmail.com",
      "password": "123456",
      "id": 5
    }
  ]
}